original,yasashii
初診(1),初めて診察を受ける
再診,2回目以降、診察を受ける
精密検査(1),詳しい検査
悪化する(1),もっと悪くなる
服用する,飲む
盗難,物を盗まれる
重傷,大きなけがをする
出血(1),血が出る
骨折(1),骨が折れている
救助(1),助ける
応急手当、応急措置,すぐに行う手当て
救急車(1),けがをした人を乗せて病院に行く車
治療,病気を治す　手当する
呼吸(1),息
通報する(1),連絡する
現在地,今いる所
火災(1),火事・燃える
火の元,ガスの元栓や電気のコンセント
引火する(1),火がつく
出火,火が出る
炎上する(1),燃える
消火する,火を消す
消防車(1),火を消す車
地震(1),地面が揺れる
余震(1),大きな地震のあとにくる地震
揺れ(1),家や道が大きく動く
震度(3),地震の大きさ
震源地(1),地震の中心
津波(1),高い波
落下,物が落ちる
倒壊する(1),建物が壊れる
転倒,物や人が倒れる
避難,安全なところに逃げる
高台(1),山の上やビルの屋上などの高い場所
速やかに、ただちに,すぐに、急いで
死者(1),死んだ人
死亡する(1),死ぬ
迂回する(1),違う道を使う
運転を見合わせる、運休,（電車などが）動かない
欠航,（船や飛行機が）動いていない
常備薬,いつも使っている薬
現金,お金
食料(1),食べ物
備える(1),用意する
台風(2),強い雨が降り強い風が吹く天気
大雨(1),雨がたくさん降る
豪雨,大雨よりたくさん雨が降る
洪水(1),大雨や豪雨により川の水があふれる
浸水(1),家に水が入る
土砂崩れ(1),山から土や石が一度にたくさん落ちてくる
警戒する(1),気をつける
災害(1),地震、火事、津波など大変なことにあう
停電(1),電気が停まる
断水(1),水がでなくなる
不通(1),電話・道路・鉄道が使えない
行方不明(1),人がどこにいるかわからない
安否(1),人が大丈夫かどうか（生きているか死んでいるか）
犠牲者(1),死んだ人やけがをした人
被害者,災害などの被害にあった人
救援,助ける
緊急,すぐに
警報,つよい　注意の　お知らせ<br>大きな　災害が　おこるかもしれません
火災(2),火事
避難する(1),にげる
避難所(1),にげる　ところ（家の　かわりに　住むところ）
避難場所,にげる　ところ
懐中電灯(1),手に　もつ　小さな　電気（ライト）
救急車(2),病気や　けがをした人を　はこぶ　車
救助する(1),たすける
行方不明(2),どこに　いるか　わからない
情報(1),お知らせ
断水(2),水が　でない
停電(2),電気が　つかない
非常口,にげる　出口
備える(2),準備する
負傷者(1),けがをした人
保護する(1),まもる
はぐれる,わかれる
連絡先(1),電話番号、メール、住所など
デマ(1),うその　話
気象,天気
洪水(2),川から　町に　水が　くる
浸水(2),家の　中に　水が　入る
台風(1),とても　強い　風と　雨
大雨(2),たくさんの　雨
注意報,注意の　お知らせ<br>災害が　おこるかもしれません
土砂崩れ(2),山が　こわれる（土や　石が　落ちてくる）
暴風雨,とても　強い　風と　雨
予報,これから　起きることの　お知らせ
高台(2),高い　ところ
地震(2),地面が　ゆれる
津波(2),地震の　あとに　海の　水が　たくさんくる
転倒する,倒れる
家屋(1),家
倒壊する(2),たてものが　こわれる
余震(2),地震の　あとに　また　地震がくる
落下物(1),落ちてくるもの
引火する(2),火が　つく
健康,元気なこと　病気でないこと
医療,医者が　病気や　けがを　なおす
治療する(2),病気や　けがを　なおす
予防接種(1),病気に　ならないための　ちゅうしゃ
健康診断,体が　元気か　しらべる
検診,病気か　どうか　しらべる
感染症,うつる　病気
妊娠,おなかに　こどもが　できる
出産,こどもを　うむ
診察,医者が　からだを　しらべる
診療所,小さい　病院
初診(2),はじめて　病院で　みてもらう
問診表,体の　悪いところを　きく　紙
記入する(1),書く
症状,体の　悪いところ（いたい、血が出るなど）
既往歴,今までに　かかった　病気
夜間(1),夜
休日,休みの　日
急病,急な　病気
入院,病院に　泊まって　病気や　けがを　なおす
面会,会う
休診,病院が　休み
待合室,待つ　部屋
会計,お金を　はらう　ところ
処方箋,くすりを　書いた　紙（医者が　書く）
薬局,くすりを　買う　ところ
食後(1),ごはんの　あと
１錠(1),1個
かかりつけ,よく　行く　病院
医療保険(1),病院の　お金を　やすくする　保険
保険証(1),保険に　入っている人の　紙や　カード
被保険者,保険に　入っている人
加入する,入る
自己負担,自分で　はらう　お金
１割,10%
介護(1),年を　とった人の　世話をする
高齢者,年を　とった人（65才以上の人）
給付金,もらう　お金
領収書,お金を　はらったときに　もらう紙（レシート）
変更,変わる
更新(1),新しくする
離婚(1),結婚した人と　別れる
相談窓口(1),相談する　ところ
家電,電気で　うごく　道具
請求書,お金を　はらってくださいという　紙
可燃ゴミ,もえる　ごみ
不燃ゴミ,もえない　ごみ
粗大ゴミ,大きな　ごみ
分別する,わける
回収する(1),集める（ごみを　とりにくる）
近所(1),近く
使用する,使う
購入する,買う
問い合わせる,わからないことを　聞く
故障する,こわれる
修理する,なおす
料金,ねだん
無料(1),お金が　いらない
サービス,してもらえること
電気使用量通知,使った　電気の　おおさを　知らせる　紙
賃貸(1),貸す（借りるために　お金が　いります）
家賃(1),家を　借りる　お金
契約,約束
和室,畳の　部屋
不動産屋(1),家を　しょうかいする　店
交通機関(1),電車や　バス
渋滞,道が　車で　混む
ルール(1),決まっていること
運賃,電車や　バスの　お金
徒歩,歩く
最寄り駅(2),いちばん　近い　駅
駐輪場(1),自転車を　おく　ところ
住民,住んでいる人
転出,ほかの　場所へ　引っ越す
転入,ほかの　場所から　引っ越してくる
本人確認書類(1),パスポート、在留カードなど（あなたが　だれか　わかるもの）
旅券(1),パスポート
帰国,自分の　国へ　帰る
入国,国へ　入る
在留,住む
期間,間
活動,仕事や勉強
労働,はたらく
勤務する,はたらく
失業する,仕事が　なくなる
職業,仕事
求人,はたらく人を　さがす
残業(1),きまった　時間より　長く　はたらく
給料,はたらいて　会社から　もらう　お金
ボーナス,はたらいて　会社から　もらう　お金（給料とは　別に　もらう）
就職(1),仕事を　はじめる
退職,仕事を　やめる
年金(1),年を　とった人が　もらう　お金
国民年金(1),みんなが　入る　年金
厚生年金,会社で　はたらく人が　入る　年金
年金手帳(1),年金に　入っていることを　書いた　小さい　本
税金(1),国などに　はらう　お金
国税,国に　はらう　税金
収入,はたらいて　もらった　お金
所得(1),収入から　税金などを　ひいた　お金
税務署(1),税金の　じむしょ
消費税(1),買い物をするときに　はらう　税金
確定申告(1),1年の　税金の　ねだんを　税務署に　知らせる
源泉徴収(1),会社で　もらう　お金から　引かれる　税金
年末調整(1),12月に　会社が　あなたの　給料の　税金を　けいさんする
扶養家族,あなたの　お金で　生活する　家族
納付書(1),税金を　はらうときに　つかう　紙
滞納する(1),はらわない
未加入(1),まだ　入っていない
加入する,入る
免除(1),はらう　必要が　ない
出生届(1),こどもが　うまれたことを　役所に　知らせる　紙
母子健康手帳(1),母と　こどもの　健康のことを　書く　小さな　本
保健指導,健康について　おしえる
助産師,こどもを　うむときに　てつだう人
保健師,健康について　おしえる人
乳児,1才までの　こども
幼児,1才から　5才までの　こども　
児童,小学校へ　いっている　こども
保育園、保育所,はたらく人が　こどもを　あずける　ところ
幼稚園(1),小学校へ　入る　まえの　こどもを　教育する　ところ
公立,府や　市などが　作った
私立,会社などが　つくった
教科書,学校で　つかう　勉強の　本
教材,勉強に　つかう　道具
上靴、上履き,たてものの　なかで　はく　くつ
保護者(1),こどもの　家族、お父さん、お母さんなど
授業料(1),授業を　うけるために　かかる　お金
就学,学校に　入る
編入学,学校に　ほかの　学校から　入る<br>（学校に　とちゅうから　入る）
登校する,学校へ　行く
下校する,学校から　家へ　かえる
遅刻する,時間に　おくれて　学校へ　行く
欠席する(2),学校を　休む
1学期、2学期、3学期,4月から7月、9月から12月、1月から3月
年度,4月から3月
担任,自分の　クラスの　先生
PTA,保護者＜こどもの　家族、お父さん、お母さんなど＞と　先生の　会
給食(1),学校が　用意する　ごはん
学級通信,学校からの　お知らせ
授業参観(1),保護者＜こどもの　家族、お父さん、お母さんなど＞が　授業を　見る
修学旅行,学校から　行く　旅行（泊まる　旅行）
面談,先生と　会って　話す
学童保育,学校が　おわった　あとに　こどもが　行く　ところ
指導する,おしえる
定時制,夜や　休みの日に　授業をする　学校
通信制,家で　勉強することが　できる　学校（学校まで　行く　必要が　ない）
奨学金,勉強のために　かりることが　できる　お金<br>勉強のために　もらうことが　できる　お金
～に鑑み,～を考えて
～に係る,～のこと
～の旨,～のこと
110番（ひゃくとおばん）,警察／110（いちいちぜろ）
セルフサービス(1),自分でする
たばこ税,たばこの税金
バリアフリー,段差のない、平らな
ポイ捨て(1),道に捨てる
ライフライン(1),水道、電気、ガス
ルール(2),決まっていること
ワンストップ,一つの受付、窓口
安否(2),生きているか、けがをしているか、大丈夫か
医療費,病気やけがを治すお金、病院に払うお金
一括して,まとめて
引火する(3),火がつく
迂回,別の道を行く、違う道を行く
往復,行く時と帰る時
応急措置(2),簡単な手当
下校,（学校から）家に帰る
可燃ごみ,燃えるごみ
可否,良いか、悪いか
河川の増水,川の水が増える
怪我人,けがをした人
懐中電灯(2),手に持つ電気（ライト）
崖が崩れる,崖が壊れた
該当する,当てはまる、合う
格段の,いろいろと、それぞれについて
還付,還付（お金が戻ってくること）
危険(1),危ない
危険個所,危ない所
記入する(2),書く
救援する,助ける
救急車(3),病気やけがをした人を助ける車
救助する(2),助ける
給水(1),水を配る、水をもらう
給与,働いてもらうお金
居住,住むこと
禁煙,タバコを吸ったらダメ
緊急時(1),とても危ないとき、助けが必要なとき
緊急地震速報(1),緊急地震速報（地震のお知らせ）br【音声】地震がきます
金融機関,銀行や郵便局
軽傷,小さいけが
欠席する(1),休む
建物が崩れる,建物が壊れた
顕著,著しい、明らかに
厳守する,必ず守る
減免(1),出すお金を少なくする
現住所,今住んでいる所
故障,壊れる
交通機関(2),電車、ばす、車など
公共交通機関,電車やバス
口にあう,美味しい／好き
控除,出すお金を少なくすること
更新する(1),新しくする
行方不明(3),どこにいるかわからない
高台(3),高いところ
骨折(2),骨を折る、骨を壊す
最寄り駅(1),いちばん近い駅
三者面談,お母さん／お父さんと◯◯君（子ども）と私（先生）と３人で話す
支援(1),困っていることを手伝うこと
支給する,渡す、支払う、出す
至急,急いで／早く
資する,役立つ、助けとなる
資金の交付,お金を渡す、お金を出す
資産,持っているお金や家など
事前,（～する）前に
治療する(1),病気やけがを治す
失業中,仕事がない、仕事をなくす
疾病,病気
写し,コピー
酒税,お酒の税金
授業参観(2),授業を見る
授業料(2),授業を受けるお金
周知する,広く知らせる、みんなに知らせる
就職(2),会社で仕事につく、仕事をする、働く
従前の,これまでの、前からの
重症,大きなけがをした
重体(1),命が危ない
出血(2),血が出る
出身,国
遵守する,よく守る
所定の,決まった
書籍,本
傷口,怪我をしている所
床上浸水,家の中に水が（たくさん）入る
消火器,火を消す道具
消防車(2),火を消す車
食料(2),食べ物、たべるもの
審査する,調べる、決める
申告,知らせる、役所に知らせる
申請する,申し込む、お願いする
震源地(2),地震の真ん中、地震の中心
震度(1),地震の大きさ
数次,何回も
精密検査(2),詳しい検査
税目,税金の種類
措置,取り扱い
粗大ごみ(1),家から出す大きいごみ。タンスなど
遡及する,過去の、以前に、前に
相続税,親などの家やお金をもらった時の税金
相談窓口(2),相談するところ／相談できるところ
対処する,取り組む
滞納する(2),まだ払っていない
貸与,貸す
大雨(3),雨がたくさん降る
大津波警報,大津波警報（津波のお知らせ）br【音声】大きい津波がきます
諾否,～を認めるか、認めないか
断水(3),水道が止まる、水が出ない
地割れ,地面が壊れた、道が壊れた
地震が収まる,地震が終わる
逐次,順番に、次々に
駐車禁止,車を止めたらダメ
駐輪場(2),自転車を止めるところ
徴する,求める、要求する
賃貸(2),借りている家
津波(3),大きい波
津波が襲う,津波が来る
通院する,病院に行く、病院に行く
通報する(2),連絡する／電話する
潰れる,壊れた
呈する,示す
適宜,適切に、良いように
登校(1),学校に来る／行く
土足厳禁(1),くつをぬいでください
捺印(1),はんこを押す
納付書(2),納付書（税金を払うときに使う紙）
配給,配る、みんなに渡す
罰金,お金を払う
必須(1),必ず
必着のこと,～までにつくように出してください
不燃ごみ,燃えないごみ
付与する,与える、あげる
扶養する,生活の世話をする、生活を助ける
父子,おとうさんとこども
負傷者(2),ケガをした人
併記する,併せて書く、一緒に書く
閉店,店が終わる
返却,返す
母子,おかあさんとこども
崩壊する,壊れる
法人税,会社がかせいだお金の税金
法令,法律と命令、決まり
未加入(2),まだ入っていない
免除(2),お金を払わなくていいこと
目撃する,見る
問い合わせ先,問い合わせ先（分からないことを質問するところ）
夜間(2),夜
優先(1),（ほかのものより）先にすること
優先席,おじいさん・おばあさん・病気の人などが座るところ
余震(3),余震（あとから来る地震）
与する,役立つ
履行,行う
離婚(2),夫婦ではなくなること、結婚をやめること
離職,仕事がない、仕事をなくす
留意,注意
連絡先(2),連絡するところ
罹患,病気になる
危険(2),危ない
体調が悪い,元気がない
お会計する,お金を払う
捺印(2),はんこを押す 
授業参観(3),授業を見る
通報する(3),連絡する ／ 電話する
健診 ,健康診断
取説,取扱説明書
学割,学生割引
ペット,犬や猫などの動物
お年寄り, おじいさん・おばあさん
粗大ごみ(2),イスや机など大きいごみ
お掛けください,座ってください 
お召し上がりください,食べてください
拝見します,見ます
差し上げます,あげます ／ 渡します
救急車(4),救急車 （病気やけがをした人を助ける車）
避難訓練,避難訓練 （地震や台風のときに逃げる練習）
余震(4),余震 （あとからくる地震）
停電(3),停電 （電気を使うことができない） 
断水(4),断水 （水道から水が出ない） 
行方不明(4),行方不明 （どこにいるかわからない、見つからない）
保護者(2),保護者 （子どもの家族、お父さん、お母さんなど）
熱中症,熱中症 （暑くて気持ち悪くなる、頭が痛くなる病気） 
暗証番号,暗証番号 （あなただけが知っている番号）
お子様,あなたの子ども
お手洗い,トイレ
今朝(1),今日の朝
更新(2),新しくする
不要です,いりません／いらないです
小児科,子どもの病気やけがを治す病院
終日運休,今日は電車(バス)が動いていません／止まっています
キャンセル(1),やめる
(タイヤの)パンク,タイヤに穴が開く／タイヤが壊れる
ヘルシーな朝食,体にいい朝ごはん
ストレス(1),疲れること／心配なこと
ハザードマップ(1),地震や台風のときに危ないところがわかる地図
ご両親 ,○○さんのお父さんとお母さん
両親,お父さんとお母さん
喫煙,タバコを吸う
今朝(2),今日の朝
登校(2),学校に行く
記入,書く
利用,使う
未加入(3),まだ入っていない
滞納,まだ払っていない
土足厳禁(2),靴を脱いでください
医療機関を受診してください,病院に行ってください
可能,することができます
不可能,することができません
セルフサービス(2),自分でする
ノートパソコン,ラップトップ　コンピュータ
授業参観(4),授業を見る
罹災証明書,罹災証明（地震や大雨などで家が壊れた人のための書類）
津波(4),津波（大きな波）
余震(5),余震（あとからくる地震）
外国人学校(1),外国人の子どものための学校。
高校生等奨学給付金(1),親の収入が少ない家庭が、教科書や勉強に必要なものを買うためにもらうことができるお金。（手続きが必要です。）
高等学校卒業程度認定試験(1),高校を卒業していない人が受けることができる試験。合格したら、大学や専門学校などに入るための試験を受けることができます。
高等学校就学支援金,親の収入が少ない高校生の家庭が、授業を受けるためにもらうことができるお金。（手続きが必要です。）
中学校卒業程度認定試験(1),日本の中学校を卒業していない人が受ける試験。
日本留学試験,日本の大学で勉強したい外国人が受ける試験。
学童保育（児童育成クラブ）,小学生が授業の終わったあと、仕事をしている親（お父さん、お母さんなど）が迎えに来るまで居ることができる場所。
夜間中学(1),中学校を卒業していない人や、十分に通うことができなかった人が行く学校。
遺族年金,年金に入っていた人・年金をもらっていた人が死んだとき、家族が年金からもらうことができるお金。（手続きが必要です。）（→年金）
介護保険(1),４０歳以上の人からお金を集めて、介護が必要になった人を助ける制度。（→介護）
確定申告(2),所得税を払うために、1年間の給料や、税金などを自分で計算して、住んでいるまちの税務署に出すこと。（手続きが必要です。）（→所得税、税金、税務署）
課税証明書,前の年にもらった給料などの金額と、税金の額を証明する紙。（手続きが必要です。）（→税金）
寡婦年金(1),第１号被保険者の夫が死んだときに、妻が年金からもらうことができるお金。（手続きが必要です。）（→第１号被保険者、年金）
給与所得の源泉徴収票(1),１年間の給料や、国に払った税金などが書いている紙。（→税金）
給与明細(1),毎月の給料や、国に払っている税金などが書いている紙。毎月、会社からもらいます。（→税金）
健康保険(1),日本に住んでいる皆が入る保険。保険料を払うことで自分が病院に行ったときに払うお金が少なくなります。
源泉徴収(2),会社があなたの給料から税金を引いて、国に払います。（→税金）
高額療養費(1),１か月に病院に払ったお金が多くなった時に後から戻ってくるお金。（手続が必要です。）
後期高齢者医療制度(2),７５歳以上の人が入る健康保険。（→健康保険）
厚生年金保険(1),会社や工場、店などで決まった時間以上働いていて、６９歳までの人が入る年金。（→年金）
国民健康保険(1),社会保険に入っていない人が、入る健康保険。（→社会保険、健康保険）
保険証(2),病院で出す健康保険のカード。（→健康保険）
国民健康保険税,国民健康保険に入っている人が払う税金。（→税金）
国民年金(2),２０歳から６０歳の人が、みんな入る国の年金。（→年金）
固定資産税(2),１月１日時点で土地や家などを持っている人が払う税金。（→税金）
雇用保険(1),仕事がなくなった人や、会社をやめた後仕事が見つからない人がお金をもらえる制度。（手続きが必要です。）
自動車税/軽自動車税種別割,毎年4月1日に車を持っている人が払う税金。（→税金）
自賠責保険(2),車やオートバイを買ったとき、必ず入らないといけない保険。
死亡一時金(1),年金に入っていた人が年金をもらわずに死んだとき、家族が国民年金からもらうお金。（手続きが必要です。）（→年金、国民年金）
社会保険,会社で働いている人が入る健康保険。（→健康保険）
住民税,１月１日に日本に住所があって、働いている人などが払う税金。（→税金）
障害基礎年金(1),体などに障害がある人が、条件が合う場合に国民年金からもらうことができるお金。（→国民年金）
障害厚生年金(1),体などに障害がある人が、条件が合う場合に厚生年金保険からもらうことができるお金。（→厚生年金保険）
消費税(2),物を買ったときやサービスを受けたときに払う税金。（→税金）
所得証明書,前の年に、給料などで、受け取った金額を証明する紙。（手続きが必要です。）
所得税(1),働いてもらった給料など、自分に入ったお金がある人が国に払う税金。（→税金）
税金(2),国や県、市、区などに払うお金。
税務署(2),税金の仕事をする所。（→税金）
第１号被保険者(2),国民年金だけに入っている人。会社に入らないで自分の店を持っている人、農業（野菜などを作る仕事）や漁業（魚などをとる仕事）をしている人、働いていない人などです。（→国民年金）
第２号被保険者(1),国民年金と厚生年金保険に入っている人。会社や工場、店などで働いている人です。(自分の１年の給料などが１３０万円より少ない人は国民年金だけに入っています。)（→国民年金、厚生年金保険）
第３号被保険者(1),自分の夫や妻が厚生年金保険に入っている人。（会社や工場、店で手続きが必要です。）（→厚生年金保険）
脱退一時金(2),日本の厚生年金保険をやめて自分の国に帰る人がもらうことができるお金。(手続きが必要です。)（→厚生年金保険）
特別徴収,会社が、住んでいるまちの役所に働いている人の住民税を払います。あなたの給料から、税金のお金を引いて払います。（→住民税）
年金(2),20歳以上のみんなからお金を集めて、年齢の高い人や、病気やけがで体などに障害が出た人を助ける制度。
年末調整(2),あなたが働いている会社があなたの代わりに確定申告をして、税金が足りない時は払います。多いときはお金が戻ります。（→確定申告、税金）
納税証明書,税金を納めていることを証明する紙。（手続きが必要です。）
納付書(3),税金を払う紙。（→税金）
非課税証明書,市・県民税がかかっていないことを証明する紙。（手続きが必要です。）
療養費(1),病院で払ったお金を、あとで健康保険からもらうことができるお金。（手続きが必要です。）（→健康保険）
労災保険,仕事で、けがや病気をした人にお金が出る制度。（手続きが必要です。）
老齢基礎年金(1),６５歳以上の人が、１０年以上お金を払っていた時に、国民年金からもらうことができるお金。（→国民年金）
老齢厚生年金(1),６５歳以上の人が、１０年以上お金を払っていた時に、厚生年金保険からもらうことができるお金。（→厚生年金保険）
給水(2),水を配ること。
給水所,水をもらうところ。
給水車,水を配る車。
緊急地震速報(2),強い地震が来る少し前に、テレビ、ラジオ、スマートフォンに出るお知らせ。（→地震）
洪水(3),川の水があふれること。
洪水・内水ハザードマップ,洪水などが起きたときに、どこが危険か書いている地図。（→洪水）
災害(2),地震・雨などが原因で人の命が危険になること。（→地震）
災害時要援護者登録制度,災害の時に一人で逃げることができない人が登録します。近所の人は登録した人のことを知ることができます。（手続きが必要です。）（→災害）
地震(3),地面が揺れること。大きな地震では、建物が壊れたり、火事が起きたり、電気や水道などが使うことができなくなります。
消防署,火事や事故の時に消防車や救急車を出します。
台風(3),大雨と強い風のこと。大雨で、川の水が増えたり、山の土が崩れたりするから危ないです。
避難所(2),災害のとき、逃げる場所。（→災害）
避難情報,大雨や台風など、災害が起こるかもしれないとき、市町村が市民に「逃げてください」と伝える情報。（→災害）
備蓄,災害が起きたときに使う物を用意すること。（→災害）
備蓄品,災害が起きたときにつかうための物。（→災害）
防災訓練・避難訓練(2),災害が起きた時のために安全に逃げる道や安全な場所を知るために、住んでいるまちや地域で練習すること。（→災害）
育児休業(2),仕事をしている人が、子どもを育てるために、とることができる休み。（働いている所で手続きが必要です。）
育児休業給付金,育児休業をしているあいだに、雇用保険からもらうことができるお金。（手続きが必要です。）（→育児休業、雇用保険）
産前産後休業(2),仕事をしている女の人が、赤ちゃんを産む前、産んだあとにとることができる休み。（働いている所で手続きが必要です。）
児童手当(1),子どもが中学校を卒業するまで、子どもを育てている人がもらうことができるお金。（手続きが必要です。）
児童扶養手当(1),離婚などで、１８歳までの子どもを１人で育てている人 がもらうことができるお金。（手続きが必要です。）
就学援助,学校で使う物や給食などにかかるお金をもらうこと。収入が少ない小学生や中学生の親がもらうことができます。（手続きが必要です。）
主任児童委員,妊娠の事や子育てについて話を聞いて、サポートをする人。
出産手当金(1),赤ちゃんを産むために仕事を休み、給料がもらえないとき、健康保険からもらうことができるお金。（手続きが必要です。）（→健康保険）
出産育児一時金制度,健康保険に入っている人が子どもを産んだ時に払う病院のお金の一部を健康保険が払ってくれる制度。（詳しくは保険年金課に聞いてください。）（→健康保険）
特別児童扶養手当(2),障害のある１９歳までの子どもを育てている人がもらうお金。（手続きが必要です。）
乳幼児健診,乳児（生まれてから1年から1年半くらいまでの子ども）と幼児（満１歳から小学校に入るまでの子ども）が住んでいるまちの役所が、子どもの健康について調べること。
認定こども園,小学校に入る前の子どもが通うところ。
妊婦教室,お腹に赤ちゃんがいる人に、赤ちゃんに大切なことを教えるところ。
妊婦健診,お腹の赤ちゃんが健康かどうかを調べること。
ファミリー・サポート・センター(1),まちで、子どもを育てることを助けてほしい人と助けたい人がお互いに助け合うところ。
保育園(1),お父さんやお母さんが仕事・病気などで家で子どもを 育てることができない時に、子どもの世話をしてもら うことができます。0歳から５歳の子どもを預けるこ とができます。
母子健康手帳(2),妊娠したら、住んでいるまちの役所に手続きをして、もらうことができる手帳。（手続きが必要です。）
幼稚園(2),３歳から小学校に入る前の子どもが通うところ。
印鑑登録証明書,登録したハンコ（実印）が書いてある紙。住んでいるまちの役所に、印鑑登録証を出したらもらうことができます。家や車を買うときなどに使います。（手続きが必要です。）（→実印、印鑑登録証）
印鑑登録証(1),印鑑登録が終わったら、もらうことのできるカード。 印鑑登録証明書がほしいときに使います。 （手続きが必要です。）（→印鑑登録証明書）
大家,家や、マンション、アパートなどを貸す人。
介護(2),毎日の生活（食べること、お風呂に入ることなど）をすることがむずかしい人を、手伝うこと。
介護休業(1),仕事をしている人が、家族の介護をするために、とることができる休み。（手続きが必要です。）（→介護）
介護休業給付金(2),介護休業をしているあいだに、雇用保険からもらうことができるお金。（手続きが必要です。）（→介護休業、雇用保険）
介護認定,介護が必要かどうかを決めます。（→介護）
回覧板(1),住んでいるまちの役所などからの、お知らせが書いている紙。読んだら、次の人に渡します。
眼科(1),目の病気を治すところ。
管理費（共益費）,アパートやマンションに住んでいる人が、毎月払うお金。家賃のことではありません。（→家賃）
救急車(5),急な病気の人や、けがをした人を病院に運ぶ車。呼びたいときは、携帯電話、スマートフォン、固定電話、公衆電話から119に電話をします。
ケアマネジャー(1),介護の相談を受けたり、介護のしかたを考えたりする人。（→介護）
警察署,犯罪や事故を防ぐための仕事をしています。
契約社員,いつから、いつまで働くか、会社と契約している人。
外科,けがを治したり、手術をしたりします。
（賃貸契約の）更新料,賃貸契約が終わっても、同じ家に住むときに、家をかりていることを新しく約束するためのお金。（→賃貸契約）
個人事業主,自分で仕事をしている人。
戸籍抄本（戸籍個人事項証明書）,日本人の出生・婚姻・死亡などの記録が載っているもの。
戸籍謄本（戸籍全部事項証明書）,人がどこでいつ生まれたか、結婚したか、死んだかなどの記録。
ごみカレンダー,どの種類のごみをいつに捨てるかが書いている紙。
ごみ集積所,決まった日に、ごみを捨てるための場所。
婚姻届(1),日本で結婚する人が、住んでいるまちの役所に出す紙。
婚姻要件具備証明書,外国人が婚姻届を出すときに必要な紙。住んでいるまちの役所に出します。（→婚姻届）
最低賃金(1),法律で決まっているいちばん安い給料。（都道府県ごとに決められています。）
在留カード(1),３か月より長く日本に住む外国人が持つ身分証明書のカード。名前や国籍、住所などが書いてあります。
在留期間更新許可(1),在留期限を長くしたいときにもらうもの。在留資格は変わりません。（手続きが必要です。）（→在留期限、在留資格）
在留期限,外国人が日本にいることができる最後の日。
在留資格(1),外国人が日本で住むことができるためのきまり。
在留資格取得許可(1),日本で生まれた外国人の赤ちゃんなどが在留カードをもらうこと。（手続きが必要です。）（→在留カード）
在留資格変更許可,在留資格を変えるときにもらうもの。（手続きが必要です。）（→在留資格）
残業(2),１日に決められた時間より長く働くこと。
産婦人科,女性だけの病気を治したり、赤ちゃんを産んだりするところ。
市営住宅,市が貸すマンションや、アパート。給料の少ない家族が、借りることができます。
歯科,歯を治すところ。
資格外活動許可(1),仕事ができない在留資格の人が、仕事をしたいときにもらうもの。（手続きが必要です。）（→在留資格）
敷金（保証金）,家を借りるときに払うお金。家を借りた人が出ていったあと大家が、家の壊れたところや汚くなったところを直すためなどに使います。（→大家）
実印,住んでいるまちの役所に認めてもらったはんこ。車や家を買う時などに使います。
指定ごみ袋,ごみを入れて捨てるための専用の袋。
死亡届,家族や一緒に生活していた人が死んだときに、まちの役所に出す紙。（手続きが必要です。）
車検,決められた期間に１度、車やオートバイが安全に走ることができるかを調べること。
車検証(1),車検が終わった後にもらう紙。（→車検）
就業規則(1),会社が決めた、働く時のルール。（働く時間、給料、休日などについて書かれています。）
住民票,市や町に住んでいる人の情報が書いている紙。（手続きが必要です。）
出生届(2),人が生まれたときに役所に出す紙。
消費生活センター,ものを買う時や、サービスを受ける時に契約をして、売った人や会社と、トラブルになった時に相談するところ。
身体障害者手帳(2),体に障害がある人が住んでいるまちの役所からもらう手帳。（手続きが必要です。）
生活困窮者自立支援制度,生活に困っている人の困りごとを住んでいるまちの役所が一緒に考えて困りごとを解決する制度。
生活保護,生活のお金がなく困っている人が、生活に必要なお金をもらうことができる制度。
整形外科(1),骨、関節、筋肉などを治すところ。
精神障害者保健福祉手帳,心に障害があって、毎日の生活が難しい人が、住んでいるまちの役所からもらう手帳。（手続きが必要です。）
粗大ごみ(3),家具などの大きなごみ。家まで取りに来てもらうためには、市に予約をします。
退職届(1),会社をやめるときに、理由などを書いて、会社に出す紙。
短時間労働者,1週間の働く時間が正社員に比べて短い人です。
断水(5),水道の水が止まります。
町内会,近くに住んでいる人たちが作る会。
仲介手数料(1),家を借りるとき、あなたに家を紹介した不動産屋の手続きに払うお金です。
賃貸契約(1),お金を出して物や家を貸したり、借りたりする約束です。
転居届,同じ市の中で、住む所を変える時に、今、住んでいる役所に知らせる書類（紙）。引っ越しする日から2週間以内までに出します。
転出届(1),別の市に住む所を変える時に、今、住んでいる役所に出す書類（紙）です。引っ越しする2週間前から引っ越しする日までに出します。
転入届(1),別の市から、今の市に住む所を変える時に、新しい役所に出す書類（紙）です。引っ越しする日から2週間以内に出します。
内科(1),外科以外の治療をするところ。（→外科）
年次有給休暇(1),仕事を休んでも給料をもらうことができる休み。会社により１年でもらえる日数が決まっています。
廃棄物,いらなくなったもの。ごみ。
派遣社員(1),派遣会社から契約先の別の会社で働く人です。
ハローワーク(1),希望する仕事を紹介したり、アドバイスをしてくれたりする国の役所です。
不動産屋(2),土地や家、建物を借りたい人や買いたい人に紹介する店です。
（ごみの）分別,ごみを決められた種類に分けて捨てること。
防犯(1),犯罪の被害にあわないようにおきる前から考えておくこと。
マイナンバー（個人番号）,日本に住んでいる人が持つ番号。番号は、１２個の数字です。
マイナンバーカード（個人番号カード）,マイナンバーや名前、住所がわかるカード。顔の写真がつきます。（→マイナンバー）
マイナンバー通知カード・通知書,マイナンバーを知らせるための紙のカード。マイナンバーや、名前、住所などが書いてあります。顔の写真は入っていません。（→マイナンバー）
まちづくりセンター,まちの情報をもらったり、いろいろなことを学んだりすることができます。住んでいる家の近くにあります。
民生委員・児童委員,生活や福祉・子育てについての相談やサポートをする人。
民間住宅(1),市や県以外が持っている家。
持ち家(1),自分が買った家のこと。
家賃(2),部屋を借りるためのお金。
薬局・ドラッグストア,薬を売っている店。
予防接種(2),病気にならないための注射。
療育手帳,知能に障害がある人がもらう手帳。住んでいるまちの役所からもらうことができます。（手続きが必要です。）
礼金,家を借りるときに払うお礼のお金。
（賃貸契約の）連帯保証人,家を借りる人が、部屋を壊したときに直すお金や、家賃を払う事ができないとき、代わりにお金を払う人。
けっこうです,いりません
委員,～する人
回収する(2),集める
加入する,入る
近所(2),近く
行事,お祭りや運動会などの行事（例示する）
清掃活動,掃除する
トラブル,困ったこと
必須(2),必ず
ルール(3),決まっていること
連絡先(3),連絡するところ
～を回す,～を渡す
印鑑,判子
記載する,載せる
記入する(3),書く
更新する(2),新しくする
消印有効,締切の日までに郵便局へ出せばよいこと
原本,（コピーする）元のもの
減免(2),少なくなること<br>なくなること
コールセンター,電話で相談することができるところ
住民登録,住んでいることを役所に届ける
助成,援助
所得(2),給料
申告する,伝える。提出する
滞納する(3),まだ払っていない
手数料,手続きのためにかかるお金
パンフレット,案内や説明を書いている紙
必着,必ず着くようにする
フリーダイヤル,電話は無料です。お金はいりません
本人確認書類(2),在留カードやパスポート（例示する）
末日,○月○日（具体的な日時を書く）
免除(3),いらなくなること
臨時給付金,特別にもらうお金
業者,専門に仕事をしている人
収集する,集める
焼却する,焼いて捨てる
処分,捨てること
分別,種類によって分けること
ポイ捨て(2),ごみをゴミ箱以外の場所へ捨てること
リサイクル,もう一度使うこと
親子,親と子ども
学用品,学校で使うもの
給食(2),学校で出る食事
子育て,子どもを育てること
～歳児,～歳の子ども
児童扶養手当(2),親が一人で子どもを育てている家がもらうお金
世帯,家庭
世帯主,家庭の中心の人
同居,一緒に住むこと
入園,幼稚園や保育園に入ること
妊婦,お腹に赤ちゃんがいる人
配偶者,夫や妻
保育,小さい子どもを預かること
保育園(2),小さい子どもを預かるところ
保護者(3),親。親の代わりをする人
養う,育てる
悪化する(2),もっと悪くなる
アレルギー,体の具合が悪くなること
１錠(2),１つ
ウイルス,病気
食後(2),ご飯を食べた後
ストレス(2),疲れること<br>心配なこと
被保険者証,保険に入っていることを証明する紙
問診票,（実物を見せて）この紙
アクセス,～へ行くための乗り物<br>インターネットでニュースを見ること
インフォメーションセンター,相談（質問）できるところ
観光名所,有名なところ
キャンセル(2),～をやめること
宿泊する,泊まる
素泊まり,寝るだけ
半額,料金が半分
予定,いつ～する
旅券(2),パスポート。ビザ
多くの,たくさんの
年末,○月○日まで
年末年始,○月○日から○月○日まで
慌てない,ゆっくりと。急がないで
安否(3),大丈夫かどうか
生き埋め,壊れた建物の下にいて動けない人
一部破損する,少し壊れる
引火する(4),火がつく
迂回する(2),違う道を行く
運転を見合わせる,（電車は）来ない。動かない
炎上する(2),火が出る
エンジンを切る,エンジンを止める
応急措置(1),少しだけ治す
大声で,大きな声で
家屋(2),住むところ。家
外国人相談窓口,外国人が相談できるところ
確認する,よく見る
火災(3),火事
がれき,建物が壊れたゴミ
冠水,水が道にたくさんあること
危険(3),危ない
犠牲者(2),死んだ人。けがをした人
救急車(6),病気やけがをした人を運ぶ車
救助(2),助ける
緊急時(2),とても急いで助けが必要なとき。とても危ないとき
近所(3),近く
警戒する(2),気をつける
決壊する,壊れる
現在,今
呼吸(2),息
妨げ,じゃま
支援(2),手伝うこと。困っている人を助けること
死者(2),死んだ人
指定された,決まった。決められた
死亡する(2),死んでいる
重体(2),命が危ない
集団で,一緒に
収集,集める
情報(2),お知らせ
震源地(3),地震の中心
浸水(3),部屋に水が入る
震度(2),地震の大きさ
水位,水の高さ
すみやかに,すぐに
擦り傷,小さいケガ
清潔な,きれいな
全壊,すべて壊れてしまう
備える(3),用意する
大規模,大きい
ただちに,すぐに
保つ,そのままにする
断水(6),水道を使うことができない
近寄る,近くへ行く
注意する,気をつける
調理器具,料理を作るための道具
通行止め,通ることができないこと。ところ
津波(5),とても高い波
デマ(2),うその話
停電する,電気を使うことができない
倒壊する(3),壊れる
土砂災害,山から石や砂が落ちてくること
土砂崩れ(3),山から石や砂が落ちてくること
亡くなる,死ぬ
流れ込む,流れてくる
発生,起きること
早め,できるだけ早く
氾濫,川の水がたくさん流れること
控える,できるだけ～しない
被災地,（地震や津波）があったところ
避難所(3),逃げるところ
避難する(2),逃げる
避難指示,逃げるための注意
火の始末をする,火を消す
不通(2),動いていない
復旧,電気や水道を）使うことができるようになること
防災,安全のために用意する
暴風域,強い風が吹くところ
保護する(2),守る
身軽な,動きやすい
身の安全を確保する,自分の体を守る
無料(2),お金はいりません
優先(2),（ほかのものより）先にすること
行方不明(5),どこにいるか分からない人
揺れ(2),地震
翌朝,次の日の朝
余震(6),あとから来る地震
ライフライン(2),電気やガスや水道のこと
落下物(2),上から落ちるもの
連絡先(4),連絡するところ
路地,道
～に関する,～についての
～付近,～の近く
育児休業(1),子どもを育てるために、とることができる休み。
育児休業給付金,育児休業をしているあいだに、雇用保険からもらうことができるお金。（→育児休業、雇用保険）
遺族基礎年金,国民年金に入っていた人が死んだとき、家族が国民年金からもらうことができるお金。（→国民年金）
遺族厚生年金,厚生年金保険に入っていた人が死んだとき、家族が厚生年金保険からもらうことができるお金。（厚生年金保険）
医療保険(2),みんなからお金を集めて、けがや病気で病院に行く人を助ける制度。
印鑑登録証明書,あなたの「実印」がどれか書いてある紙。住んでいるまちの役所でもらうことができます。（→実印）
印鑑登録証(2),住んでいるまちの役所で印鑑登録証明書をもらうときに使うもの。「実印」を住んでいるまちの役所が認めたときにもらいます。（→印鑑登録証明書、実印）
オーバーステイ,在留期限を過ぎても日本にいること。（→在留期限）
大家,家を貸す人。
介護(3),年をとったり、特別な病気になったりして、毎日の生活（食べること、お風呂に入ることなど）をすることがむずかしい人を手伝うこと。
介護休業(2),家族の介護をするために、とることができる休み。（→介護）
介護休業給付金(1),介護休業をしているあいだに、雇用保険からもらうことができるお金。（→介護休業、雇用保険）
外国人学校(2),外国人の子どものための学校。それぞれの国の文化や言葉に合わせた学校があります。
介護保険(2),40歳以上の人からお金を集めて、介護が必要になった人を助ける制度。（→介護）
回覧板(2),自治会・町内会で使う、住んでいるまちの役所などからのお知らせが書いてあるもの。読み終わったら次の人に渡します。（→自治会・町内会）
確定申告(3),会社などの源泉徴収や年末調整をしない人などの所得税の払い方。住んでいるまちの税務署＜＝税金の仕事をする役所＞に書類を出します。（→源泉徴収、年末調整、所得税）
寡婦年金(2),夫が死んだときに、妻が国民年金からもらうことができるお金。（→国民年金）
眼科(2),目の病気を治す病院。
管理費（共益費）,アパートやマンションでみんなが使うものに払うお金。住んでいる人からお金を集めます。
義務教育学校,小学校と中学校が一つになった学校。
救急車(7),急な病気の人や、けがをした人を病院に運ぶ車。
給与所得の源泉徴収票(2),会社があなたの１年間の給料や、源泉徴収した所得税などを書いた紙。（→源泉徴収、所得税）
給与明細(2),会社があなたの毎月の給料や、源泉徴収した所得税などを書いた紙。（→源泉徴収、所得税）
緊急地震速報(3),強い地震が来る少し前に、テレビやスマートフォンに出るお知らせ。
ケアマネジャー(2),介護の相談を受けたり、介護のしかたを考える専門の人。（→介護）
契約社員,いつまで働くか決まっている人。３年以内に契約＜＝会社と働く人の約束＞が終わります。
外科,けがを治したり、手術をしたりする病院。
健康保険(2),会社で働いている人が入る医療保険。（→医療保険）
源泉徴収(3),会社があなたの代わりに所得税を国に払うこと。会社があなたの給料から所得税などを引いて払います。（→所得税）
公営住宅,県や市などが貸す家。
高額療養費(2),１か月に病院に払ったお金が多くなったときに戻ってくるお金。
後期高齢者医療制度(1),75歳以上の人が入る医療保険。（→医療保険）
高校生等奨学給付金(2),親の収入が少ない高校生が、教科書や勉強に使う物を買うためにもらうことができるお金。
（賃貸契約の）更新料,賃貸契約が終わっても、引っ越さないで同じ家に住むときに、家賃以外に払うお金。（→賃貸契約）
厚生年金保険(2),会社や工場、店などで、決まった時間以上働いていて、69歳までの人が入る年金。（→年金）
高等学校卒業程度認定試験(2),日本の高校を卒業していない人が受ける試験。合格したら、大学や専門学校などに入るための試験を受けることができます。
高等学校等就学支援金,あなたの代わりに、国が払う高校の授業料。
国民健康保険(2),会社の健康保険などに入っていない人が、自分で入る医療保険。（→健康保険、医療保険）
国民年金(3),20歳から59歳の人が、みんな入る国の年金。（→年金）
固定資産税(1),土地や家を持っている人が払う税金。（→税金）
雇用保険(2),会社をやめたあと仕事が見つからない人や育児休業、介護休業をしている人を助ける制度。（→育児休業、介護休業）
婚姻届(2),結婚する人が住んでいるまちの役所に出す紙。
婚姻要件具備証明書,外国人が婚姻届を住んでいるまちの役所に出すときに必要な紙。（→婚姻届）
最低賃金(2),法律で決まっているいちばん安い給料。
在留カード(2),３か月より長く日本に住む外国人が入管からもらうカード。名前や国籍、住所などが書いてあります。
在留期間更新許可(2),在留期限を長くしたいときにもらうもの。在留資格は変わりません。（→在留期限、在留資格）
在留期限,外国人が日本にいることができる最後の日。
在留資格(2),外国人が日本でできること。仕事をすることができる、学校に行くことができる、家族と生活することができるなど。
在留資格取得許可(2),日本で生まれた外国人の赤ちゃんが在留カードをもらうこと。（→在留カード）
在留資格変更許可,在留資格を変えるときにもらうもの。（→在留資格）
残業(3),１日に８時間より長く働くこと。または、１週間に40時間より長く働くこと。
産前産後休業(1),会社で仕事をしている女の人が、赤ちゃんが生まれる前にとることができる休みと、赤ちゃんが生まれた後にとらなければいけない休み。
産婦人科,女の人がなる病気を治したり、赤ちゃんを産んだりする病院
歯科,歯を治す病院。
資格外活動許可(2),仕事ができない在留資格の人が、仕事をしたいときにもらうもの。（→在留資格）
敷金（保証金）,家を借りるときに払うお金。家を借りた人が出て行ったあと大家が、家の壊れたところや汚くなったところを直すためなどに使います。（→大家）
自治会・町内会,近くに住んでいる人たちが作る会。安全で住みやすいまちにするために一緒に考えます。
実印,住んでいるまちの役所に認めてもらったはんこ。車や家を買うときなどに使います。
自動車重量税,車検などのときに払う税金。（→車検、税金）
自動車税／軽自動車税環境性能割,車を買ったときに払う税金。（→税金）
自動車税／軽自動車税種別割,毎年４月１日に車を持っている人が払う税金。（→税金）
児童手当(2),子どもが中学校を卒業するまで、子どもを育てている人がもらうことができるお金。
児童扶養手当(3),離婚などで、18歳までの子どもを１人で育てている人がもらうことができるお金。障害のある19歳までの子どもを１人で育てている人ももらうことができます。
自賠責保険(1),車やオートバイを運転する人からお金を集めて、事故にあった人を助ける制度。
死亡一時金(2),年金に入っていた人が死んだとき、家族が国民年金からもらうお金。（→国民年金）
死亡届,家族や一緒に生活していた人が死んだときに、まちの役所に出す紙。
社会保険・労働保険,国が、働いている人と会社からお金を集めて、困った人を助ける制度。
車検,１年か２年に１度、車やオートバイが安全に走ることができるか（使うことができるか）などを調べること。
車検証(2),車検が終わった後にもらう紙。（→車検）
就学援助,学校で使う物や給食などにかかるお金をもらうこと。収入が少ない小学生や中学生の親がもらうことができます。
就業規則(2),会社が決めた、働くときの細かいルール。
住民税,１月１日に日本に住所があって、働いている人が県や市、区などに払う税金。（→税金）
出産手当金(2),赤ちゃんを産むために会社を休み、給料がもらえないとき、健康保険からもらうことができるお金。（→健康保険）
出生届(3),赤ちゃんが生まれたときにまちの役所に出す紙。
出産育児一時金,赤ちゃんを産むとき、健康保険などからもらうことができるお金。（→健康保険）
障害基礎年金(2),体などに障害がある人が、国民年金からもらうことができるお金。（→国民年金）
障害厚生年金(2),体などに障害がある人が、厚生年金保険からもらうことができるお金。（→厚生年金保険）
消費税(3),物を買ったときやサービスを受けたときに払う税金。（→税金）
所得税(2),収入（働いてもらった給料など）から国に払う税金。（→税金）
身体障害者手帳(1),体に障害がある人が住んでいるまちの役所からもらう手帳。
生活困窮者自立支援制度,生活に困っている人（お金がない、仕事がない、住むところがない）を住んでいるまちの役所が一緒に考えて助ける制度。
税金(3),国や県、市、区などに払うお金。
整形外科(2),骨、関節、筋肉などを治す病院。
精神障害者保健福祉手帳,心に障害があって、毎日の生活が難しい人が、住んでいるまちの役所からもらう手帳。
租税条約,税金について国と国とのあいだで決めた約束。日本と約束をしている国の人は、税金が少なくなることがあります。（→税金)
第１号被保険者(1),国民年金だけに入っている人。会社に入らないで自分の店を持っている人、農業＜＝野菜などを作る仕事＞や漁業＜＝魚などをとる仕事＞をしている人、働いていない人などです。（→国民年金）
第３号被保険者(2),自分の夫や妻が厚生年金保険に入っている人、自分の夫や妻が65歳になる前の人、自分の１年の給料などが130万円より少ない人。国民年金だけに入っています。（→国民年金）
退職届(2),会社をやめるとき、理由などを書いて、会社に出す紙。
第２号被保険者(2),国民年金と厚生年金保険に入っている人。会社や工場、店などで働いている人です。（→国民年金、厚生年金保険）
脱退一時金(1),日本の年金をやめて自分の国に帰る人がもらうことができるお金。（→年金）
短時間労働者,働く時間が正社員より短いパートタイマーやアルバイトなど。
仲介手数料(2),家を借りるとき、あなたに家を紹介した不動産屋に払うお金。（→不動産屋）
中学校卒業程度認定試験(2),日本の中学校を卒業していない人が受ける試験。合格すると日本の高校に入るための試験を受けることができます。
賃貸契約(2),家を貸す人と借りる人の約束。
転居届,同じまちの中で、引っ越しをするときに役所に出す紙。
転出届(2),別のまちへ引っ越しをするときに、今まで住んでいた住所の役所に出す紙。引っ越しをして日本を出るときにも出します。
転入届(2),別のまちから引っ越しをしたときに、新しい住所の役所に出す紙。引っ越しをして日本に住み始めたときにも出します。
特別児童扶養手当(1),障害がある子どもを育てている人がもらうことができるお金。
特別徴収,会社が、住んでいるまちの役所に働いている人の住民税を払うこと。会社があなたの給料から税金を引いて払います。（→住民税、税金）
登山届,山に登る前に名前、住所、電話番号、登山ルートなどを書いて、役所などに届けておくもの。山で事故にあった人を助けるために役に立ちます。
内科(2),体の中の病気（かぜなど）を治す病院。
日本留学試験（EJU）,外国から日本の大学に留学したい学生が受ける試験。
乳幼児健診（乳幼児健康診査）,住んでいるまちの役所が、赤ちゃんが健康かどうかを調べること。
認定こども園,小学校に入る前の子どもが通うところ。ここは、幼稚園と保育園の両方の特徴があります。（→幼稚園、保育園）
妊婦健診（妊婦健康診査）,お腹に赤ちゃんがいる人が健康かどうかを調べること。
年金(3),みんなからお金を集めて、年齢の高い人や、病気やけがで体などに障害が出た人を助ける制度。
年金手帳(2),年金に入った人がもらう手帳。（→年金）
年次有給休暇(2),仕事を休んでも給料をもらうことができる休み。
年末調整(3),12月に会社が源泉徴収した所得税を計算して、調整するしくみ。多いときは会社があなたにお金を返します。少ないときはあなたが会社にお金を払います。（→源泉徴収、所得税）
派遣社員(2),派遣会社と契約＜＝派遣会社との約束＞して、別の会社で働く人。
ハザードマップ(2),災害が起きたときに、危ない場所や逃げる場所が書いてある地図。
母親教室・父親教室,新しくお父さん・お母さんになる人に、赤ちゃんを産んで育てるときに大切なことを、教えるところ。
ハローワーク(2),仕事を紹介する国の役所。
ファミリー・サポート・センター(2),用事があるときに、子どもの世話をする人を紹介するところ。
不動産屋(3),家を借りたい人や家を買いたい人にいろいろな家を紹介する店。
保育園(3),親（お父さん・お母さん）が働いているとき、0歳から小学校に入る前の子どもの世話をするところ。子どもが身の回りの世話を受けたり、遊びながらいろいろなことを身につけていきます。
放課後児童クラブ（学童保育）,親（お父さん・お母さん）が働いているとき、小学生の子どもの世話をしてもらうことができるところ。
防災訓練・避難訓練(1),災害が起きたときのために、安全に逃げる練習や、火を消す練習をすること。
防犯(2),犯罪の被害にあわないようにすること。
母子健康手帳(3),お腹に赤ちゃんがいる人が、住んでいるまちの役所からもらう手帳。赤ちゃんやお母さんの健康などについて書くものです。
民間住宅(2),大家から借りる家。（→大家）
持ち家(2),自分が買った家。
夜間中学(2),中学校を卒業していない人や、十分に通うことができなかった人が行く学校。卒業した人は、高校に入るための試験を受けることができます。
家賃(3),家を借りたときに毎月払うお金。
薬局・ドラッグストア,薬を売っている店。
幼稚園(3),３歳から小学校に入る前の子どもが通うところ。子どもが遊びながらいろいろなことを学びます。
予防接種(3),病気にならないための注射。
療育手帳,知能に障害がある人が住んでいるまちの役所からもらう手帳。
療養費(2),病院でかかったお金を自分で全部払ったときに、あとから医療保険からもらうことができるお金。（→医療保険）
礼金,借りる家が決まったときに、家を借りる人が払うお礼のお金。
（賃貸契約の）連帯保証人,家を借りた人が家賃を払うことができないときなどに、代わりに家賃を払う人。
労災保険,会社からお金を集めて、仕事で、けが・病気をした人などを助ける制度。
老齢基礎年金(2),65歳以上の人が国民年金からもらうことができるお金。（→国民年金）
老齢厚生年金(2),65歳以上の人が厚生年金保険からもらうことができるお金。（→厚生年金保険）
